SHSEMES,0,1
1,51.6015640428137,48.08468842082287
2,48.3984359571863,51.91531157917713
