SHREGION,0,1
1,11.493344918835657,11.229946524064172
2,29.97748726253012,28.778784240969113
3,34.116671274536905,28.593255484011788
4,24.412496544097316,31.398013750954927
